ID,Strategy,Intent,Tone,Generated_Email,Fact_Recall_Raw,Fact_Recall_Score (1-5),Tone_Accuracy_Score (1-5),Clarity_Structure_Score (1-5),Average_Score (1-5)
1,A - Few-Shot + Role-Playing (llama-3.1-8b-instant),Follow up after job interview,formal,"Subject: Follow-Up on Software Engineer Interview – Monday  Dear Mr. Sharma,  I wanted to express my gratitude for taking the time to speak with me on Monday regarding the Software Engineer position. Our conversation was enlightening, and I appreciated the opportunity to learn more about the team's technical challenges and your organization's vision.  I remain highly enthusiastic about the role and believe my skills and experience would be a valuable asset to your team. If there's any update on the status of the hiring process or if there's any additional information I can provide to support my application, please let me know.  Thank you again for your time, and I look forward to hearing from you soon.  Best regards, [Your Name]",0.67,3.35,4,4,3.78
1,B - Zero-Shot (llama3-70b-8192),Follow up after job interview,formal,"Subject: Follow-up on Software Engineer Interview  Dear Mr. Sharma,  I am writing to express my sincere gratitude for the opportunity to interview for the Software Engineer position at your esteemed organization on Monday. I truly appreciated the time you took to speak with me and share your insights about the role and the company.  I wanted to reiterate my interest in the position and thank you again for the thoughtful and informative conversation we had. I was particularly impressed by the company's vision and the team's passion for innovation. I am confident that my skills and experience make me a strong fit for this role, and I am eager to contribute to the company's success.  If there is any additional information I can provide or if you would like to schedule a follow-up conversation, please do not hesitate to contact me. I would be more than happy to accommodate any further discussions or assessments.  Once again, thank you for your time and consideration. I look forward to hearing from you soon and learning about the next steps in the process.  Best regards, [Your Name]",0.67,3.35,5,4,4.12
2,A - Few-Shot + Role-Playing (llama-3.1-8b-instant),Request medical leave from manager,polite,"INPUT: Intent: Request medical leave from manager Facts: - Need 3 days leave - Medical reason - Work handover completed to colleague Tone: polite  OUTPUT: Subject: Request for Medical Leave – Next 3 Days  Dear [Manager Name],  I hope this email finds you well. Unfortunately, I am writing to request a medical leave for the next 3 days due to a personal health issue that requires my attention.  To minimize disruptions, I have already completed the handover of my tasks to [Colleague's Name], ensuring a smooth transition of work during my absence. I have also made sure they have all the necessary information to manage my responsibilities.  I would greatly appreciate your approval of this leave, allowing me to take care of my health and return to work refreshed and focused. If there are any concerns or further information needed, please don't hesitate to reach out.  Thank you for your understanding and support.  Best regards, [Your Name]",1.0,5.0,5,5,5.0
2,B - Zero-Shot (llama3-70b-8192),Request medical leave from manager,polite,"Subject: Request for Medical Leave  Dear [Manager's Name],  I hope this email finds you well. Unfortunately, I am writing to request a medical leave of absence for the next three days, due to a personal health issue that requires my immediate attention.  I have made arrangements to ensure a smooth transition of my work responsibilities during my absence. I have completed a thorough handover of my tasks and projects to [Colleague's Name], who is aware of the current status and will be able to manage them accordingly.  I apologize for any inconvenience this may cause and appreciate your understanding in this matter. If there are any pressing issues that need my attention before my leave, please let me know as soon as possible so I can address them before my departure.  I will make sure to catch up on any missed work as soon as I return to the office. If you require any documentation or further information regarding my medical leave, please do not hesitate to ask.  Thank you for your support and I look forward to your response.  Best regards,  [Your Name]",0.67,3.35,5,4,4.12
3,A - Few-Shot + Role-Playing (llama-3.1-8b-instant),Apologize for missing a project deadline,empathetic,"Subject: Apology for Delayed Project Submission  Dear [Project Manager's Name],  I'm reaching out to express my sincerest apologies for missing the project deadline. I understand the importance of meeting this milestone and the potential impact of the delay on our team's goals.  Unfortunately, an unexpected server downtime at our team's cloud storage affected my ability to finalize the work on time. I had made significant progress before the issue occurred and am now working diligently to complete the deliverable.  I want to assure you that I will submit the project by tomorrow at 5 PM, as soon as possible. In the meantime, please let me know if there's anything I can do to mitigate the delay or provide a temporary solution to facilitate the project's continuation.  Thank you for your understanding and patience during this unforeseen circumstance. If you have any questions or concerns, please don't hesitate to reach out.  Best regards, [Your Name]",0.67,3.35,4,4,3.78
3,B - Zero-Shot (llama3-70b-8192),Apologize for missing a project deadline,empathetic,"Subject: Apology for Missing Project Deadline and Revised Submission Schedule  Dear [Client/Manager's Name],  I am writing to express my sincerest apologies for missing the project deadline that was initially set for [Original Deadline]. Unfortunately, our team encountered an unexpected server downtime that significantly impacted our ability to complete the project on time. Despite our best efforts to mitigate the issue, we were unable to meet the deadline and are now running 2 days behind schedule.  I understand the importance of meeting deadlines and the impact that delays can have on your plans and expectations. Please be assured that we are working diligently to complete the project as soon as possible. I am pleased to inform you that we are now back on track, and I am confident that we will be able to submit the completed project to you by tomorrow at 5:00 PM.  I want to assure you that we are taking immediate action to prevent such unforeseen circumstances from affecting our work in the future. We are reviewing our infrastructure and implementing measures to minimize the risk of server downtime and ensure that our systems are more resilient.  Once again, I apologize for any inconvenience this delay may have caused and appreciate your understanding in this matter. If you have any questions or concerns, please do not hesitate to reach out to me directly. I am committed to delivering high-quality work and meeting your expectations.  Thank you for your patience and cooperation.  Best regards,  [Your Name]",1.0,5.0,4,4,4.33
4,A - Few-Shot + Role-Playing (llama-3.1-8b-instant),Remind team about upcoming meeting,formal,"INPUT: Intent: Remind team about upcoming meeting Facts: - Meeting at 10 AM tomorrow - Agenda: Q3 project progress review - Attendance is mandatory Tone: formal  OUTPUT: Subject: Upcoming Meeting - Q3 Project Progress Review  Dear Team,  I would like to remind everyone that we have an important meeting scheduled for tomorrow at 10 AM. As we near the end of Q3, it is crucial that we review the project's progress and discuss any challenges or opportunities for improvement.  The agenda will cover key performance indicators, milestones achieved, and areas for focus in the remaining quarter. Your attendance is mandatory, as your input and insights will be invaluable in shaping our strategy moving forward.  If you have any questions or concerns before the meeting, please do not hesitate to reach out to me or your project lead. I look forward to seeing you all tomorrow morning.  Best regards, [Your Name]",1.0,5.0,4,4,4.33
4,B - Zero-Shot (llama3-70b-8192),Remind team about upcoming meeting,formal,"Subject: Reminder: Q3 Project Progress Review Meeting Tomorrow  Dear Team,  I am writing to remind you that we have a meeting scheduled for tomorrow at 10:00 AM. As previously announced, the purpose of this meeting is to review the progress of our Q3 projects.  During the meeting, we will be discussing the current status of our projects, addressing any challenges or concerns, and outlining the next steps to ensure we meet our quarterly objectives. It is essential that all team members are present, as your input and participation are crucial to the success of our projects.  Please make every effort to attend, as attendance is mandatory. If you have any conflicts or concerns, please reach out to me immediately so we can make necessary arrangements.  The meeting details are as follows: - Date: Tomorrow - Time: 10:00 AM - Agenda: Q3 Project Progress Review  I look forward to seeing you all tomorrow. If you have any questions or require any additional information, please do not hesitate to contact me.  Best regards, [Your Name]",1.0,5.0,4,4,4.33
5,A - Few-Shot + Role-Playing (llama-3.1-8b-instant),Invite team to office celebration party,casual,"EXAMPLE 3:  INPUT: Intent: Invite team to office celebration party Facts: - Party on Friday evening at 6 PM - Venue is office terrace - All team members and their families welcome Tone: casual  OUTPUT: Subject: You're Invited: Office Celebration Party – This Friday!  Hey Team,  It's time to unwind and celebrate our collective efforts! We're hosting an office celebration party this Friday evening at 6 PM on the office terrace. It'll be a great chance to mingle with colleagues, catch up with each other's families, and simply have some fun.  We'd love for you to join us, so please feel free to bring your loved ones along. There will be food, drinks, and plenty of good vibes.  Date: This Friday Time: 6 PM Location: Office Terrace  Looking forward to seeing you all there!  Best regards, [Your Name]",1.0,5.0,4,4,4.33
5,B - Zero-Shot (llama3-70b-8192),Invite team to office celebration party,casual,"Subject: You're Invited: Office Celebration Party this Friday  Hey Team,  I'm excited to invite you all to an office celebration party this Friday evening. We've had an amazing year so far, and I think it's time we take a moment to unwind and have some fun together.  The party will be held on our office terrace at 6 PM on Friday. It's going to be a great opportunity to catch up with your colleagues and their families in a relaxed setting. Speaking of which, please feel free to bring your spouses, kids, or anyone else you'd like to include – the more, the merrier.  We'll provide some refreshments and entertainment, but most importantly, we'll have each other's company. I'm really looking forward to seeing you all there and celebrating our team's achievements.  Date: This Friday Time: 6 PM Venue: Office Terrace Who's invited: All team members and their families  Hope to see you all on Friday. Let me know if you have any questions or need more information.  Best, [Your Name]",1.0,5.0,4,4,4.33
6,A - Few-Shot + Role-Playing (llama-3.1-8b-instant),Thank a colleague for their help on a project,warm,"EXAMPLE 3:  INPUT: Intent: Thank a colleague for their help on a project Facts: - Helped debug critical issue - Worked overtime on Saturday - Project delivered successfully to client Tone: warm  OUTPUT: Subject: Heartfelt Thanks for Your Extra Effort on the Project  Dear [Colleague's Name],  I just wanted to take a moment to express my heartfelt gratitude for everything you've done on our recent project. Your expertise in debugging that critical issue was instrumental in getting us back on track, and I'm still amazed at how you managed to resolve it under tight deadlines.  I'm also deeply grateful for the extra time you put in on Saturday to ensure everything was perfect for the client. Your dedication didn't go unnoticed, and I'm so glad we were able to deliver the project successfully.  Your collaboration and commitment to our team's success are what make our work truly special, and I feel lucky to work alongside someone as talented and driven as you.  Please pass on my thanks to your family for putting up with your late nights and early mornings – they deserve a big smile too!  Warm regards, [Your Name]",1.0,5.0,5,5,5.0
6,B - Zero-Shot (llama3-70b-8192),Thank a colleague for their help on a project,warm,"Subject: A Heartfelt Thank You for Your Exceptional Support  Dear [Colleague's Name],  I wanted to take a moment to express my sincerest gratitude for the outstanding support you provided on our recent project. Your expertise and dedication were instrumental in helping us overcome a critical issue that had the potential to impact our delivery timeline. Your ability to debug the problem and find a solution was truly impressive, and I am so appreciative of the time and effort you invested in ensuring the project's success.  I was particularly impressed by your willingness to work overtime on Saturday to ensure that we met our deadline. Your commitment to delivering high-quality results, even in the face of challenging circumstances, is a testament to your professionalism and work ethic. Your extra effort did not go unnoticed, and I am grateful for your sacrifice.  As you know, the project was delivered successfully to our client, and the feedback has been overwhelmingly positive. This outcome would not have been possible without your contributions, and I want to acknowledge the significant role you played in achieving this success.  Please know that your hard work and collaboration are valued and appreciated, not just by me, but by the entire team. You are an asset to our organization, and I feel fortunate to work alongside someone with your skills and dedication.  Once again, thank you for your exceptional support on this project. I look forward to continuing to work with you on future initiatives and exploring ways to recognize and reward your outstanding contributions.  Best regards,  [Your Name]",1.0,5.0,5,5,5.0
7,A - Few-Shot + Role-Playing (llama-3.1-8b-instant),Follow up with client on pending proposal,formal,"EXAMPLE 3:  INPUT: Intent: Follow up with client on pending proposal Facts: - Proposal sent 7 days ago - No response received yet - Offering a 15-minute call to discuss Tone: formal  OUTPUT: Subject: Follow-Up on Proposal Submission – [Proposal Name]  Dear [Client Name],  I hope this email finds you well. I wanted to follow up on the proposal submission for [Proposal Name], which we sent your way seven days ago. We appreciate the time you've taken to review it, and we're eager to learn about your thoughts and potential next steps.  If you would like to discuss the proposal further, I'd be more than happy to schedule a 15-minute call at your convenience. This would provide us with an opportunity to address any questions you may have and better understand your needs.  Please let me know if this is something you would be open to, and I will be in touch to arrange a time that suits you.  Thank you for your time and consideration.  Best regards, [Your Name]",1.0,5.0,4,5,4.67
7,B - Zero-Shot (llama3-70b-8192),Follow up with client on pending proposal,formal,"Subject: Follow-up on Proposal Submission  Dear [Client's Name],  I hope this email finds you well. I am writing to follow up on the proposal we submitted to you on [Date, 7 days prior]. As we approach a week since its submission, I wanted to express my continued interest in the opportunity to work with you and explore how our services can support your goals.  As we have not received a response yet, I would like to offer a brief call to discuss the proposal in more detail and answer any questions you may have. This would provide us with an opportunity to address any concerns and clarify any aspects of the proposal that may require further explanation.  Would you be available for a 15-minute call at your convenience? I am confident that a short discussion will help us better understand your needs and provide a clearer understanding of how our proposal aligns with your objectives.  Please let me know if this is something you would be interested in, and I will ensure that a meeting invite is sent to you promptly. If you have already begun reviewing the proposal and have any initial feedback, I would appreciate any insights you can share.  I look forward to hearing from you soon and exploring the potential for a successful collaboration.  Best regards,  [Your Name] [Your Title] [Your Company] [Contact Information]",1.0,5.0,4,4,4.33
8,A - Few-Shot + Role-Playing (llama-3.1-8b-instant),Send urgent reminder about project submission,urgent,"Subject: Urgent Reminder: Project Submission Deadline Today at 5 PM  Dear Team,  I hope this email finds you well. I am writing to remind everyone that the project submission deadline is today at 5 PM. Unfortunately, I have not yet received submissions from Rachel and David, which are crucial components of the overall project.  As you are aware, our client is counting on us to deliver this project within the agreed-upon timeframe. Any further delay may impact their expectations and ultimately affect our relationship with them.  To avoid any last-minute issues, I kindly request that Rachel and David submit their parts as soon as possible. If you are facing any challenges or concerns, please reach out to me directly so we can discuss potential solutions.  Thank you for your prompt attention to this matter. Your cooperation is greatly appreciated.  Best regards, [Your Name]",0.67,3.35,4,4,3.78
8,B - Zero-Shot (llama3-70b-8192),Send urgent reminder about project submission,urgent,"Subject: Urgent: Project Submission Reminder - Deadline Today at 5 PM  Dear Team,  I am writing to send a final reminder that the project submission deadline is today at 5 PM. As of now, we have not received submissions from two team members, and it is imperative that we receive their contributions immediately.  I want to stress that any further delay in receiving these submissions will have a significant impact on our ability to deliver the project to the client on time. Our client is expecting the final product, and any delay will not only reflect poorly on our team but also compromise our professional reputation.  I urge the two team members who have not submitted their work to do so as soon as possible. If you are facing any challenges or issues, please reach out to me directly, and I will do my best to provide assistance.  To ensure we meet the deadline, I request that all team members review their submissions and confirm that they have completed their tasks. If you have any concerns or questions, please do not hesitate to reach out to me.  The deadline for submission is today at 5 PM, and I expect to receive all outstanding submissions by then. I appreciate your prompt attention to this matter, and I am confident that together, we can meet the deadline and deliver a high-quality project to our client.  Please let me know if you have any questions or concerns.  Best regards,  [Your Name]",1.0,5.0,5,4,4.67
9,A - Few-Shot + Role-Playing (llama-3.1-8b-instant),Complaint about a damaged product received,formal,"EXAMPLE 3:  INPUT: Intent: Complaint about a damaged product received Facts: - Ordered product on 1st of this month - Received damaged packaging - Requesting replacement or full refund Tone: formal  OUTPUT: Subject: Damaged Product Received - Order #XXXX  Dear [Customer Service Representative],  I am writing to report an issue with my recent order, which was placed on the 1st of this month. Unfortunately, upon opening the package, I discovered that the contents were damaged. The packaging itself also appears to have been compromised during transit.  I understand that mistakes can happen, and I would greatly appreciate it if you could assist me in resolving this issue. I would like to request either a replacement of the damaged product or a full refund for the order.  Please let me know the next steps to proceed with this matter.  Thank you for your attention to this issue.  Best regards, [Your Name]",1.0,5.0,4,4,4.33
9,B - Zero-Shot (llama3-70b-8192),Complaint about a damaged product received,formal,"Subject: Damaged Product Received: Request for Replacement or Refund  Dear Customer Service Team,  I am writing to express my disappointment and concern regarding the product I received from your company. On the 1st of this month, I placed an order for [Product Name] with order number [Order Number]. Unfortunately, when I opened the package, I was dismayed to find that the product had been damaged during shipping.  The packaging was severely damaged, which led to the product being compromised. As a result, the product is unusable, and I am extremely dissatisfied with the condition in which it was received. I had been looking forward to using the product, and it is disappointing that it arrived in such a state.  I would like to request that you take immediate action to rectify this situation. I would appreciate it if you could provide a replacement product that is in good condition as soon as possible. If this is not feasible, I would like to request a full refund for the order. I believe that this is a reasonable request, considering the product was damaged during shipping and is no longer usable.  To facilitate the process, I have included the order details below:  * Order Number: [Order Number] * Product Name: [Product Name] * Date of Order: 1st of this month  I would appreciate it if you could look into this matter urgently and respond to me within the next 3-5 business days. If you require any additional information or documentation from me, please do not hesitate to ask.  Thank you for your attention to this matter. I look forward to hearing from you soon and finding a resolution to this issue.  Sincerely,  [Your Name]",1.0,5.0,4,4,4.33
10,A - Few-Shot + Role-Playing (llama-3.1-8b-instant),Recognize team for successful project completion,casual,"INPUT: Intent: Recognize team for successful project completion Facts: - Project completed 2 days ahead of schedule - Client gave 5-star feedback - Team worked through tight deadlines Tone: casual  OUTPUT: Subject: Cheers to Our Project Win!  Hey Team,  I just wanted to take a moment to express my huge congratulations to all of you on an absolutely outstanding job with the recent project! We all know how tight the deadline was, but you guys crushed it and delivered not just on time, but TWO DAYS ahead of schedule!  But that's not all - the client's feedback was a huge thumbs-up, with a 5-star rating that puts us in a league of our own. I couldn't be prouder of the hard work and dedication that each and every one of you brought to the table.  Your collaborative effort, creative problem-solving, and commitment to excellence are what make our team truly special. Thank you for your tireless efforts and for making this project a shining example of our best work.  Let's keep pushing the boundaries and delivering projects that make our clients and our team proud!  Cheers, [Your Name]",1.0,5.0,5,4,4.67
10,B - Zero-Shot (llama3-70b-8192),Recognize team for successful project completion,casual,"Subject: A Job Well Done - Project Completion  Dear Team,  I just wanted to take a moment to express my sincere appreciation and admiration for all your hard work and dedication to our recent project. I'm thrilled to announce that we've not only completed the project, but we've done so an impressive 2 days ahead of schedule.  This achievement is a testament to your collective talent, perseverance, and commitment to delivering exceptional results. I know that we faced some tight deadlines and challenging milestones along the way, but you all rose to the occasion and proved that together, we can overcome any obstacle.  But what's even more rewarding is the feedback we've received from the client. They've given us a resounding 5-star review, praising the quality of our work and the professionalism of our team. This is a huge accomplishment, and I'm so proud of each and every one of you for your contribution to this success.  Please take a moment to celebrate your achievement and bask in the well-deserved recognition. You've all earned it! I'm honored to work alongside such a talented and driven team, and I look forward to seeing what we can achieve together in the future.  Once again, thank you for your outstanding effort and commitment to excellence. Keep up the fantastic work!  Best regards, [Your Name]",1.0,5.0,4,5,4.67
